dag,tijd,jaar,gem_intensiteit
Friday,00:00,2019,210.1290322580645
Friday,00:00,2020,168.09677419354838
Friday,00:00,2021,202.48387096774192
Friday,00:00,2022,180.96296296296296
Friday,00:00,2023,219.2258064516129
Friday,00:00,2024,225.03225806451613
Friday,01:00,2019,129.48387096774192
Friday,01:00,2020,95.7741935483871
Friday,01:00,2021,109.93548387096774
Friday,01:00,2022,108.44444444444444
Friday,01:00,2023,109.45161290322581
Friday,01:00,2024,131.51612903225808
Friday,02:00,2019,80.19354838709677
Friday,02:00,2020,56.67741935483871
Friday,02:00,2021,68.38709677419355
Friday,02:00,2022,77.5925925925926
Friday,02:00,2023,69.45161290322581
Friday,02:00,2024,91.3225806451613
Friday,03:00,2019,75.6774193548387
Friday,03:00,2020,50.32258064516129
Friday,03:00,2021,69.61290322580645
Friday,03:00,2022,72.77777777777777
Friday,03:00,2023,62.45161290322581
Friday,03:00,2024,95.96774193548387
Friday,04:00,2019,108.87096774193549
Friday,04:00,2020,77.35483870967742
Friday,04:00,2021,89.3225806451613
Friday,04:00,2022,91.11111111111111
Friday,04:00,2023,77.03225806451613
Friday,04:00,2024,118.90322580645162
Friday,05:00,2019,279.6774193548387
Friday,05:00,2020,227.41935483870967
Friday,05:00,2021,252.8709677419355
Friday,05:00,2022,226.96296296296296
Friday,05:00,2023,196.38709677419354
Friday,05:00,2024,241.38709677419354
Friday,06:00,2019,849.483870967742
Friday,06:00,2020,744.1612903225806
Friday,06:00,2021,806.0322580645161
Friday,06:00,2022,714.8148148148148
Friday,06:00,2023,638.3548387096774
Friday,06:00,2024,702.1290322580645
Friday,07:00,2019,1273.516129032258
Friday,07:00,2020,1029.3870967741937
Friday,07:00,2021,1077.516129032258
Friday,07:00,2022,979.6296296296297
Friday,07:00,2023,903.4193548387096
Friday,07:00,2024,977.5806451612904
Friday,08:00,2019,1542.9032258064517
Friday,08:00,2020,1306.8709677419354
Friday,08:00,2021,1419.4516129032259
Friday,08:00,2022,1277.037037037037
Friday,08:00,2023,1095.6129032258063
Friday,08:00,2024,1171.516129032258
Friday,09:00,2019,1306.4516129032259
Friday,09:00,2020,1115.5483870967741
Friday,09:00,2021,1202.8064516129032
Friday,09:00,2022,1041.0740740740741
Friday,09:00,2023,935.5806451612904
Friday,09:00,2024,1024.3225806451612
Friday,10:00,2019,1174.225806451613
Friday,10:00,2020,1015.2258064516129
Friday,10:00,2021,1117.4516129032259
Friday,10:00,2022,975.3333333333334
Friday,10:00,2023,930.7741935483871
Friday,10:00,2024,1009.2258064516129
Friday,11:00,2019,1191.9032258064517
Friday,11:00,2020,1108.8064516129032
Friday,11:00,2021,1165.516129032258
Friday,11:00,2022,1022.0370370370371
Friday,11:00,2023,954.1935483870968
Friday,11:00,2024,1025.1935483870968
Friday,12:00,2019,1269.0
Friday,12:00,2020,1209.0645161290322
Friday,12:00,2021,1290.6129032258063
Friday,12:00,2022,1083.2592592592594
Friday,12:00,2023,1057.2903225806451
Friday,12:00,2024,1110.516129032258
Friday,13:00,2019,1309.6129032258063
Friday,13:00,2020,1226.9032258064517
Friday,13:00,2021,1379.6774193548388
Friday,13:00,2022,1114.888888888889
Friday,13:00,2023,1135.0967741935483
Friday,13:00,2024,1161.8709677419354
Friday,14:00,2019,1386.967741935484
Friday,14:00,2020,1347.032258064516
Friday,14:00,2021,1451.225806451613
Friday,14:00,2022,1233.1851851851852
Friday,14:00,2023,1221.774193548387
Friday,14:00,2024,1285.741935483871
Friday,15:00,2019,1548.8387096774193
Friday,15:00,2020,1421.3548387096773
Friday,15:00,2021,1525.9354838709678
Friday,15:00,2022,1343.4074074074074
Friday,15:00,2023,1261.5483870967741
Friday,15:00,2024,1321.5806451612902
Friday,16:00,2019,1358.4193548387098
Friday,16:00,2020,1359.0645161290322
Friday,16:00,2021,1438.8387096774193
Friday,16:00,2022,1329.888888888889
Friday,16:00,2023,1216.225806451613
Friday,16:00,2024,1274.3548387096773
Friday,17:00,2019,1291.3548387096773
Friday,17:00,2020,1337.967741935484
Friday,17:00,2021,1452.7096774193549
Friday,17:00,2022,1326.5925925925926
Friday,17:00,2023,1125.1612903225807
Friday,17:00,2024,1257.3870967741937
Friday,18:00,2019,1247.741935483871
Friday,18:00,2020,1121.6451612903227
Friday,18:00,2021,1273.483870967742
Friday,18:00,2022,1094.3703703703704
Friday,18:00,2023,985.7741935483871
Friday,18:00,2024,1076.3870967741937
Friday,19:00,2019,950.9032258064516
Friday,19:00,2020,801.4193548387096
Friday,19:00,2021,975.0
Friday,19:00,2022,828.5185185185185
Friday,19:00,2023,753.3225806451613
Friday,19:00,2024,877.4516129032259
Friday,20:00,2019,737.8709677419355
Friday,20:00,2020,617.2903225806451
Friday,20:00,2021,729.741935483871
Friday,20:00,2022,633.7407407407408
Friday,20:00,2023,574.0645161290323
Friday,20:00,2024,709.2258064516129
Friday,21:00,2019,632.1290322580645
Friday,21:00,2020,523.483870967742
Friday,21:00,2021,629.1612903225806
Friday,21:00,2022,536.5925925925926
Friday,21:00,2023,489.83870967741933
Friday,21:00,2024,561.258064516129
Friday,22:00,2019,598.516129032258
Friday,22:00,2020,518.2258064516129
Friday,22:00,2021,603.0322580645161
Friday,22:00,2022,523.7407407407408
Friday,22:00,2023,434.80645161290323
Friday,22:00,2024,501.3225806451613
Friday,23:00,2019,500.2258064516129
Friday,23:00,2020,427.4516129032258
Friday,23:00,2021,502.16129032258067
Friday,23:00,2022,498.6296296296296
Friday,23:00,2023,345.5483870967742
Friday,23:00,2024,403.48387096774195
Monday,00:00,2019,180.6451612903226
Monday,00:00,2020,144.96774193548387
Monday,00:00,2021,176.58064516129033
Monday,00:00,2022,147.66666666666666
Monday,00:00,2023,138.1290322580645
Monday,00:00,2024,177.93548387096774
Monday,01:00,2019,113.19354838709677
Monday,01:00,2020,81.12903225806451
Monday,01:00,2021,102.90322580645162
Monday,01:00,2022,91.03703703703704
Monday,01:00,2023,81.54838709677419
Monday,01:00,2024,99.43548387096774
Monday,02:00,2019,72.96774193548387
Monday,02:00,2020,46.516129032258064
Monday,02:00,2021,58.54838709677419
Monday,02:00,2022,60.2962962962963
Monday,02:00,2023,53.16129032258065
Monday,02:00,2024,67.16129032258064
Monday,03:00,2019,70.06451612903226
Monday,03:00,2020,41.41935483870968
Monday,03:00,2021,56.645161290322584
Monday,03:00,2022,65.11111111111111
Monday,03:00,2023,56.096774193548384
Monday,03:00,2024,60.983870967741936
Monday,04:00,2019,108.61290322580645
Monday,04:00,2020,73.48387096774194
Monday,04:00,2021,89.09677419354838
Monday,04:00,2022,88.03703703703704
Monday,04:00,2023,75.45161290322581
Monday,04:00,2024,92.98387096774194
Monday,05:00,2019,319.19354838709677
Monday,05:00,2020,249.48387096774192
Monday,05:00,2021,269.80645161290323
Monday,05:00,2022,245.22222222222223
Monday,05:00,2023,221.4516129032258
Monday,05:00,2024,271.2903225806452
Monday,06:00,2019,1007.8387096774194
Monday,06:00,2020,832.8387096774194
Monday,06:00,2021,880.5806451612904
Monday,06:00,2022,809.7777777777778
Monday,06:00,2023,700.1290322580645
Monday,06:00,2024,840.8709677419355
Monday,07:00,2019,1422.8387096774193
Monday,07:00,2020,1109.2903225806451
Monday,07:00,2021,1262.032258064516
Monday,07:00,2022,1192.111111111111
Monday,07:00,2023,1097.1612903225807
Monday,07:00,2024,1223.1774193548388
Monday,08:00,2019,1198.258064516129
Monday,08:00,2020,1251.4516129032259
Monday,08:00,2021,1451.6451612903227
Monday,08:00,2022,1383.9259259259259
Monday,08:00,2023,1169.225806451613
Monday,08:00,2024,1284.5645161290322
Monday,09:00,2019,1164.9354838709678
Monday,09:00,2020,1003.5806451612904
Monday,09:00,2021,1061.8387096774193
Monday,09:00,2022,1031.962962962963
Monday,09:00,2023,925.9032258064516
Monday,09:00,2024,1010.0322580645161
Monday,10:00,2019,1096.4193548387098
Monday,10:00,2020,931.8064516129032
Monday,10:00,2021,978.3870967741935
Monday,10:00,2022,837.4074074074074
Monday,10:00,2023,794.6774193548387
Monday,10:00,2024,889.8064516129032
Monday,11:00,2019,1017.8387096774194
Monday,11:00,2020,957.8387096774194
Monday,11:00,2021,987.741935483871
Monday,11:00,2022,846.3703703703703
Monday,11:00,2023,814.0645161290323
Monday,11:00,2024,906.7258064516129
Monday,12:00,2019,1111.7096774193549
Monday,12:00,2020,1027.0967741935483
Monday,12:00,2021,1101.258064516129
Monday,12:00,2022,921.0370370370371
Monday,12:00,2023,920.2258064516129
Monday,12:00,2024,1005.516129032258
Monday,13:00,2019,1147.225806451613
Monday,13:00,2020,957.483870967742
Monday,13:00,2021,1143.258064516129
Monday,13:00,2022,963.2962962962963
Monday,13:00,2023,924.3225806451613
Monday,13:00,2024,1030.3870967741937
Monday,14:00,2019,1245.8064516129032
Monday,14:00,2020,1067.483870967742
Monday,14:00,2021,1215.2903225806451
Monday,14:00,2022,1062.7777777777778
Monday,14:00,2023,1012.8064516129032
Monday,14:00,2024,1133.3709677419354
Monday,15:00,2019,1384.7096774193549
Monday,15:00,2020,1286.9032258064517
Monday,15:00,2021,1414.741935483871
Monday,15:00,2022,1228.148148148148
Monday,15:00,2023,1223.516129032258
Monday,15:00,2024,1321.6774193548388
Monday,16:00,2019,1470.7096774193549
Monday,16:00,2020,1319.225806451613
Monday,16:00,2021,1462.258064516129
Monday,16:00,2022,1291.111111111111
Monday,16:00,2023,1184.774193548387
Monday,16:00,2024,1260.8064516129032
Monday,17:00,2019,1535.774193548387
Monday,17:00,2020,1326.6129032258063
Monday,17:00,2021,1432.6774193548388
Monday,17:00,2022,1261.4444444444443
Monday,17:00,2023,1183.032258064516
Monday,17:00,2024,1312.774193548387
Monday,18:00,2019,1222.225806451613
Monday,18:00,2020,965.3870967741935
Monday,18:00,2021,1077.483870967742
Monday,18:00,2022,942.7037037037037
Monday,18:00,2023,903.1935483870968
Monday,18:00,2024,986.8387096774194
Monday,19:00,2019,790.6129032258065
Monday,19:00,2020,675.6451612903226
Monday,19:00,2021,745.1290322580645
Monday,19:00,2022,640.1481481481482
Monday,19:00,2023,607.0
Monday,19:00,2024,692.3709677419355
Monday,20:00,2019,593.9032258064516
Monday,20:00,2020,558.4193548387096
Monday,20:00,2021,608.741935483871
Monday,20:00,2022,494.22222222222223
Monday,20:00,2023,466.51612903225805
Monday,20:00,2024,595.6935483870968
Monday,21:00,2019,518.3225806451613
Monday,21:00,2020,465.741935483871
Monday,21:00,2021,512.8064516129032
Monday,21:00,2022,433.74074074074076
Monday,21:00,2023,401.258064516129
Monday,21:00,2024,517.5322580645161
Monday,22:00,2019,446.93548387096774
Monday,22:00,2020,382.93548387096774
Monday,22:00,2021,417.3225806451613
Monday,22:00,2022,371.55555555555554
Monday,22:00,2023,349.19354838709677
Monday,22:00,2024,437.64516129032256
Monday,23:00,2019,278.8709677419355
Monday,23:00,2020,223.74193548387098
Monday,23:00,2021,259.61290322580646
Monday,23:00,2022,234.37037037037038
Monday,23:00,2023,230.80645161290323
Monday,23:00,2024,290.4516129032258
Saturday,00:00,2019,342.0967741935484
Saturday,00:00,2020,289.80645161290323
Saturday,00:00,2021,369.8709677419355
Saturday,00:00,2022,297.7037037037037
Saturday,00:00,2023,233.90322580645162
Saturday,00:00,2024,262.1290322580645
Saturday,01:00,2019,219.61290322580646
Saturday,01:00,2020,179.0
Saturday,01:00,2021,211.8709677419355
Saturday,01:00,2022,194.77777777777777
Saturday,01:00,2023,145.93548387096774
Saturday,01:00,2024,163.74193548387098
Saturday,02:00,2019,143.16129032258064
Saturday,02:00,2020,102.80645161290323
Saturday,02:00,2021,139.19354838709677
Saturday,02:00,2022,129.11111111111111
Saturday,02:00,2023,93.70967741935483
Saturday,02:00,2024,107.80645161290323
Saturday,03:00,2019,118.83870967741936
Saturday,03:00,2020,75.25806451612904
Saturday,03:00,2021,105.45161290322581
Saturday,03:00,2022,108.51851851851852
Saturday,03:00,2023,79.54838709677419
Saturday,03:00,2024,86.09677419354838
Saturday,04:00,2019,114.3225806451613
Saturday,04:00,2020,70.12903225806451
Saturday,04:00,2021,95.45161290322581
Saturday,04:00,2022,103.62962962962963
Saturday,04:00,2023,72.64516129032258
Saturday,04:00,2024,83.51612903225806
Saturday,05:00,2019,161.19354838709677
Saturday,05:00,2020,106.16129032258064
Saturday,05:00,2021,127.6774193548387
Saturday,05:00,2022,146.62962962962962
Saturday,05:00,2023,94.45161290322581
Saturday,05:00,2024,112.35483870967742
Saturday,06:00,2019,257.93548387096774
Saturday,06:00,2020,200.09677419354838
Saturday,06:00,2021,237.51612903225808
Saturday,06:00,2022,211.07407407407408
Saturday,06:00,2023,143.38709677419354
Saturday,06:00,2024,172.93548387096774
Saturday,07:00,2019,383.9032258064516
Saturday,07:00,2020,312.258064516129
Saturday,07:00,2021,368.61290322580646
Saturday,07:00,2022,319.0
Saturday,07:00,2023,218.25806451612902
Saturday,07:00,2024,266.2258064516129
Saturday,08:00,2019,616.3870967741935
Saturday,08:00,2020,509.83870967741933
Saturday,08:00,2021,603.5806451612904
Saturday,08:00,2022,496.0740740740741
Saturday,08:00,2023,358.0967741935484
Saturday,08:00,2024,398.5483870967742
Saturday,09:00,2019,884.483870967742
Saturday,09:00,2020,773.6129032258065
Saturday,09:00,2021,899.8709677419355
Saturday,09:00,2022,701.2592592592592
Saturday,09:00,2023,516.9354838709677
Saturday,09:00,2024,590.9354838709677
Saturday,10:00,2019,1034.6774193548388
Saturday,10:00,2020,950.0645161290323
Saturday,10:00,2021,1088.1290322580646
Saturday,10:00,2022,864.7037037037037
Saturday,10:00,2023,648.483870967742
Saturday,10:00,2024,689.8709677419355
Saturday,11:00,2019,1109.258064516129
Saturday,11:00,2020,1045.1290322580646
Saturday,11:00,2021,1193.258064516129
Saturday,11:00,2022,923.0
Saturday,11:00,2023,699.3870967741935
Saturday,11:00,2024,774.5806451612904
Saturday,12:00,2019,1190.032258064516
Saturday,12:00,2020,1140.0
Saturday,12:00,2021,1294.7096774193549
Saturday,12:00,2022,1036.5555555555557
Saturday,12:00,2023,707.3225806451613
Saturday,12:00,2024,827.4516129032259
Saturday,13:00,2019,1280.5806451612902
Saturday,13:00,2020,1207.5806451612902
Saturday,13:00,2021,1350.9032258064517
Saturday,13:00,2022,1091.4444444444443
Saturday,13:00,2023,758.2903225806451
Saturday,13:00,2024,864.741935483871
Saturday,14:00,2019,1225.7096774193549
Saturday,14:00,2020,1222.8064516129032
Saturday,14:00,2021,1302.4516129032259
Saturday,14:00,2022,1145.6666666666667
Saturday,14:00,2023,750.516129032258
Saturday,14:00,2024,873.8709677419355
Saturday,15:00,2019,1183.0
Saturday,15:00,2020,1160.032258064516
Saturday,15:00,2021,1254.6451612903227
Saturday,15:00,2022,1127.3703703703704
Saturday,15:00,2023,662.3225806451613
Saturday,15:00,2024,872.7741935483871
Saturday,16:00,2019,1181.4516129032259
Saturday,16:00,2020,1103.8064516129032
Saturday,16:00,2021,1332.9354838709678
Saturday,16:00,2022,1072.3333333333333
Saturday,16:00,2023,672.7096774193549
Saturday,16:00,2024,840.3870967741935
Saturday,17:00,2019,1157.8387096774193
Saturday,17:00,2020,1075.8064516129032
Saturday,17:00,2021,1283.2903225806451
Saturday,17:00,2022,1052.2962962962963
Saturday,17:00,2023,657.2258064516129
Saturday,17:00,2024,860.1935483870968
Saturday,18:00,2019,1020.8709677419355
Saturday,18:00,2020,902.0645161290323
Saturday,18:00,2021,1030.8709677419354
Saturday,18:00,2022,888.2222222222222
Saturday,18:00,2023,578.4516129032259
Saturday,18:00,2024,801.3548387096774
Saturday,19:00,2019,890.9032258064516
Saturday,19:00,2020,758.3870967741935
Saturday,19:00,2021,863.3225806451613
Saturday,19:00,2022,755.1481481481482
Saturday,19:00,2023,529.0967741935484
Saturday,19:00,2024,696.1612903225806
Saturday,20:00,2019,825.516129032258
Saturday,20:00,2020,650.1935483870968
Saturday,20:00,2021,794.5806451612904
Saturday,20:00,2022,702.074074074074
Saturday,20:00,2023,478.03225806451616
Saturday,20:00,2024,610.9032258064516
Saturday,21:00,2019,700.516129032258
Saturday,21:00,2020,558.3870967741935
Saturday,21:00,2021,829.8387096774194
Saturday,21:00,2022,590.2222222222222
Saturday,21:00,2023,422.51612903225805
Saturday,21:00,2024,526.6451612903226
Saturday,22:00,2019,675.8709677419355
Saturday,22:00,2020,528.1935483870968
Saturday,22:00,2021,674.2258064516129
Saturday,22:00,2022,632.5555555555555
Saturday,22:00,2023,425.0
Saturday,22:00,2024,509.96774193548384
Saturday,23:00,2019,597.6129032258065
Saturday,23:00,2020,504.2903225806452
Saturday,23:00,2021,613.8387096774194
Saturday,23:00,2022,607.7777777777778
Saturday,23:00,2023,388.8709677419355
Saturday,23:00,2024,522.8709677419355
Sunday,00:00,2019,398.83870967741933
Sunday,00:00,2020,316.16129032258067
Sunday,00:00,2021,488.7741935483871
Sunday,00:00,2022,401.3703703703704
Sunday,00:00,2023,263.61290322580646
Sunday,00:00,2024,355.03225806451616
Sunday,01:00,2019,261.4193548387097
Sunday,01:00,2020,194.8709677419355
Sunday,01:00,2021,285.2903225806452
Sunday,01:00,2022,264.0
Sunday,01:00,2023,168.2258064516129
Sunday,01:00,2024,198.93548387096774
Sunday,02:00,2019,170.2258064516129
Sunday,02:00,2020,107.6774193548387
Sunday,02:00,2021,159.93548387096774
Sunday,02:00,2022,178.92592592592592
Sunday,02:00,2023,101.09677419354838
Sunday,02:00,2024,123.70967741935483
Sunday,03:00,2019,130.58064516129033
Sunday,03:00,2020,67.83870967741936
Sunday,03:00,2021,111.48387096774194
Sunday,03:00,2022,146.07407407407408
Sunday,03:00,2023,85.48387096774194
Sunday,03:00,2024,102.35483870967742
Sunday,04:00,2019,118.70967741935483
Sunday,04:00,2020,54.25806451612903
Sunday,04:00,2021,83.64516129032258
Sunday,04:00,2022,130.11111111111111
Sunday,04:00,2023,74.61290322580645
Sunday,04:00,2024,85.96774193548387
Sunday,05:00,2019,131.4516129032258
Sunday,05:00,2020,73.12903225806451
Sunday,05:00,2021,93.35483870967742
Sunday,05:00,2022,146.1851851851852
Sunday,05:00,2023,81.0
Sunday,05:00,2024,96.61290322580645
Sunday,06:00,2019,178.96774193548387
Sunday,06:00,2020,115.58064516129032
Sunday,06:00,2021,152.8709677419355
Sunday,06:00,2022,184.5185185185185
Sunday,06:00,2023,102.38709677419355
Sunday,06:00,2024,119.96774193548387
Sunday,07:00,2019,220.96774193548387
Sunday,07:00,2020,165.58064516129033
Sunday,07:00,2021,216.41935483870967
Sunday,07:00,2022,234.55555555555554
Sunday,07:00,2023,138.2258064516129
Sunday,07:00,2024,159.32258064516128
Sunday,08:00,2019,356.2903225806452
Sunday,08:00,2020,267.9032258064516
Sunday,08:00,2021,329.9032258064516
Sunday,08:00,2022,288.3333333333333
Sunday,08:00,2023,189.3548387096774
Sunday,08:00,2024,244.06451612903226
Sunday,09:00,2019,612.6451612903226
Sunday,09:00,2020,494.2258064516129
Sunday,09:00,2021,588.516129032258
Sunday,09:00,2022,502.4074074074074
Sunday,09:00,2023,374.61290322580646
Sunday,09:00,2024,423.5806451612903
Sunday,10:00,2019,841.7096774193549
Sunday,10:00,2020,715.7741935483871
Sunday,10:00,2021,860.8709677419355
Sunday,10:00,2022,718.4074074074074
Sunday,10:00,2023,525.1612903225806
Sunday,10:00,2024,575.0645161290323
Sunday,11:00,2019,997.9354838709677
Sunday,11:00,2020,886.483870967742
Sunday,11:00,2021,1038.8387096774193
Sunday,11:00,2022,875.7777777777778
Sunday,11:00,2023,628.8064516129032
Sunday,11:00,2024,715.7741935483871
Sunday,12:00,2019,1116.9032258064517
Sunday,12:00,2020,1034.6451612903227
Sunday,12:00,2021,1154.032258064516
Sunday,12:00,2022,1004.5185185185185
Sunday,12:00,2023,726.516129032258
Sunday,12:00,2024,823.0322580645161
Sunday,13:00,2019,1190.225806451613
Sunday,13:00,2020,1101.6129032258063
Sunday,13:00,2021,1132.516129032258
Sunday,13:00,2022,1077.8148148148148
Sunday,13:00,2023,711.2258064516129
Sunday,13:00,2024,875.3870967741935
Sunday,14:00,2019,1194.8709677419354
Sunday,14:00,2020,1131.0
Sunday,14:00,2021,1043.5483870967741
Sunday,14:00,2022,1098.111111111111
Sunday,14:00,2023,647.5806451612904
Sunday,14:00,2024,872.7096774193549
Sunday,15:00,2019,1173.6774193548388
Sunday,15:00,2020,1118.5806451612902
Sunday,15:00,2021,1215.9354838709678
Sunday,15:00,2022,1079.4814814814815
Sunday,15:00,2023,692.7096774193549
Sunday,15:00,2024,832.6774193548387
Sunday,16:00,2019,1195.6451612903227
Sunday,16:00,2020,1081.6774193548388
Sunday,16:00,2021,1234.0967741935483
Sunday,16:00,2022,1050.7407407407406
Sunday,16:00,2023,679.6129032258065
Sunday,16:00,2024,835.483870967742
Sunday,17:00,2019,1107.6451612903227
Sunday,17:00,2020,1056.7096774193549
Sunday,17:00,2021,1207.5483870967741
Sunday,17:00,2022,970.8148148148148
Sunday,17:00,2023,632.4193548387096
Sunday,17:00,2024,829.1935483870968
Sunday,18:00,2019,932.4193548387096
Sunday,18:00,2020,843.3870967741935
Sunday,18:00,2021,1032.4516129032259
Sunday,18:00,2022,883.8148148148148
Sunday,18:00,2023,605.5483870967741
Sunday,18:00,2024,748.9677419354839
Sunday,19:00,2019,935.6451612903226
Sunday,19:00,2020,753.741935483871
Sunday,19:00,2021,978.0
Sunday,19:00,2022,797.7037037037037
Sunday,19:00,2023,574.8064516129032
Sunday,19:00,2024,674.7741935483871
Sunday,20:00,2019,891.2903225806451
Sunday,20:00,2020,720.6129032258065
Sunday,20:00,2021,921.4516129032259
Sunday,20:00,2022,742.925925925926
Sunday,20:00,2023,537.258064516129
Sunday,20:00,2024,620.6774193548387
Sunday,21:00,2019,664.0967741935484
Sunday,21:00,2020,537.1290322580645
Sunday,21:00,2021,685.4516129032259
Sunday,21:00,2022,547.6296296296297
Sunday,21:00,2023,422.2258064516129
Sunday,21:00,2024,473.48387096774195
Sunday,22:00,2019,461.7096774193548
Sunday,22:00,2020,397.7096774193548
Sunday,22:00,2021,494.9032258064516
Sunday,22:00,2022,438.6666666666667
Sunday,22:00,2023,319.64516129032256
Sunday,22:00,2024,351.96774193548384
Sunday,23:00,2019,296.1290322580645
Sunday,23:00,2020,233.58064516129033
Sunday,23:00,2021,308.7741935483871
Sunday,23:00,2022,425.44444444444446
Sunday,23:00,2023,222.51612903225808
Sunday,23:00,2024,242.09677419354838
Thursday,00:00,2019,176.0
Thursday,00:00,2020,141.16129032258064
Thursday,00:00,2021,172.70967741935485
Thursday,00:00,2022,146.0
Thursday,00:00,2023,129.7741935483871
Thursday,00:00,2024,189.4516129032258
Thursday,01:00,2019,98.45161290322581
Thursday,01:00,2020,80.83870967741936
Thursday,01:00,2021,95.61290322580645
Thursday,01:00,2022,83.81481481481481
Thursday,01:00,2023,75.0
Thursday,01:00,2024,110.12903225806451
Thursday,02:00,2019,66.12903225806451
Thursday,02:00,2020,48.38709677419355
Thursday,02:00,2021,63.87096774193548
Thursday,02:00,2022,65.25925925925925
Thursday,02:00,2023,47.903225806451616
Thursday,02:00,2024,77.16129032258064
Thursday,03:00,2019,63.83870967741935
Thursday,03:00,2020,45.83870967741935
Thursday,03:00,2021,60.54838709677419
Thursday,03:00,2022,66.07407407407408
Thursday,03:00,2023,52.03225806451613
Thursday,03:00,2024,84.93548387096774
Thursday,04:00,2019,111.03225806451613
Thursday,04:00,2020,70.74193548387096
Thursday,04:00,2021,90.93548387096774
Thursday,04:00,2022,89.25925925925925
Thursday,04:00,2023,73.90322580645162
Thursday,04:00,2024,115.54838709677419
Thursday,05:00,2019,307.4516129032258
Thursday,05:00,2020,228.58064516129033
Thursday,05:00,2021,262.4516129032258
Thursday,05:00,2022,235.5185185185185
Thursday,05:00,2023,208.06451612903226
Thursday,05:00,2024,258.7741935483871
Thursday,06:00,2019,1002.4193548387096
Thursday,06:00,2020,830.1935483870968
Thursday,06:00,2021,880.9354838709677
Thursday,06:00,2022,783.2222222222222
Thursday,06:00,2023,725.0322580645161
Thursday,06:00,2024,823.8387096774194
Thursday,07:00,2019,1513.9032258064517
Thursday,07:00,2020,1199.8064516129032
Thursday,07:00,2021,1298.6774193548388
Thursday,07:00,2022,1204.8148148148148
Thursday,07:00,2023,1015.0322580645161
Thursday,07:00,2024,1308.225806451613
Thursday,08:00,2019,1554.8064516129032
Thursday,08:00,2020,1433.516129032258
Thursday,08:00,2021,1563.5806451612902
Thursday,08:00,2022,1353.9259259259259
Thursday,08:00,2023,1068.0645161290322
Thursday,08:00,2024,1392.8387096774193
Thursday,09:00,2019,1274.0967741935483
Thursday,09:00,2020,1122.9354838709678
Thursday,09:00,2021,1238.4193548387098
Thursday,09:00,2022,1129.6666666666667
Thursday,09:00,2023,1029.6451612903227
Thursday,09:00,2024,1152.6451612903227
Thursday,10:00,2019,1095.1612903225807
Thursday,10:00,2020,931.5806451612904
Thursday,10:00,2021,1042.3225806451612
Thursday,10:00,2022,938.6296296296297
Thursday,10:00,2023,883.2258064516129
Thursday,10:00,2024,990.0322580645161
Thursday,11:00,2019,1061.8387096774193
Thursday,11:00,2020,953.2258064516129
Thursday,11:00,2021,1037.4516129032259
Thursday,11:00,2022,909.8518518518518
Thursday,11:00,2023,873.8387096774194
Thursday,11:00,2024,979.258064516129
Thursday,12:00,2019,1158.258064516129
Thursday,12:00,2020,1057.6129032258063
Thursday,12:00,2021,1141.967741935484
Thursday,12:00,2022,1007.0
Thursday,12:00,2023,982.0645161290323
Thursday,12:00,2024,1066.9032258064517
Thursday,13:00,2019,1190.741935483871
Thursday,13:00,2020,1087.967741935484
Thursday,13:00,2021,1201.7096774193549
Thursday,13:00,2022,1044.7407407407406
Thursday,13:00,2023,1027.258064516129
Thursday,13:00,2024,1105.6129032258063
Thursday,14:00,2019,1318.0
Thursday,14:00,2020,1211.9354838709678
Thursday,14:00,2021,1306.8709677419354
Thursday,14:00,2022,1138.0740740740741
Thursday,14:00,2023,1087.225806451613
Thursday,14:00,2024,1175.3548387096773
Thursday,15:00,2019,1515.6451612903227
Thursday,15:00,2020,1377.1935483870968
Thursday,15:00,2021,1492.516129032258
Thursday,15:00,2022,1321.5555555555557
Thursday,15:00,2023,1184.8064516129032
Thursday,15:00,2024,1353.9032258064517
Thursday,16:00,2019,1507.0
Thursday,16:00,2020,1397.032258064516
Thursday,16:00,2021,1483.7096774193549
Thursday,16:00,2022,1324.148148148148
Thursday,16:00,2023,1120.1935483870968
Thursday,16:00,2024,1307.0967741935483
Thursday,17:00,2019,1525.5806451612902
Thursday,17:00,2020,1412.9032258064517
Thursday,17:00,2021,1444.6129032258063
Thursday,17:00,2022,1231.7037037037037
Thursday,17:00,2023,1169.3870967741937
Thursday,17:00,2024,1361.0967741935483
Thursday,18:00,2019,1240.1612903225807
Thursday,18:00,2020,1069.516129032258
Thursday,18:00,2021,1210.6129032258063
Thursday,18:00,2022,1174.962962962963
Thursday,18:00,2023,1081.032258064516
Thursday,18:00,2024,1109.225806451613
Thursday,19:00,2019,906.3870967741935
Thursday,19:00,2020,744.6451612903226
Thursday,19:00,2021,867.2903225806451
Thursday,19:00,2022,801.8888888888889
Thursday,19:00,2023,804.516129032258
Thursday,19:00,2024,874.9354838709677
Thursday,20:00,2019,707.258064516129
Thursday,20:00,2020,587.258064516129
Thursday,20:00,2021,678.5806451612904
Thursday,20:00,2022,625.1851851851852
Thursday,20:00,2023,590.258064516129
Thursday,20:00,2024,768.0322580645161
Thursday,21:00,2019,647.0322580645161
Thursday,21:00,2020,518.1612903225806
Thursday,21:00,2021,608.1290322580645
Thursday,21:00,2022,537.8888888888889
Thursday,21:00,2023,483.35483870967744
Thursday,21:00,2024,719.6129032258065
Thursday,22:00,2019,564.8387096774194
Thursday,22:00,2020,470.0
Thursday,22:00,2021,536.8387096774194
Thursday,22:00,2022,489.962962962963
Thursday,22:00,2023,438.4193548387097
Thursday,22:00,2024,643.3548387096774
Thursday,23:00,2019,381.741935483871
Thursday,23:00,2020,304.03225806451616
Thursday,23:00,2021,346.38709677419354
Thursday,23:00,2022,340.74074074074076
Thursday,23:00,2023,490.5806451612903
Thursday,23:00,2024,444.0967741935484
Tuesday,00:00,2019,148.4516129032258
Tuesday,00:00,2020,128.19354838709677
Tuesday,00:00,2021,148.74193548387098
Tuesday,00:00,2022,122.25925925925925
Tuesday,00:00,2023,121.74193548387096
Tuesday,00:00,2024,156.06451612903226
Tuesday,01:00,2019,91.03225806451613
Tuesday,01:00,2020,67.3225806451613
Tuesday,01:00,2021,90.16129032258064
Tuesday,01:00,2022,74.48148148148148
Tuesday,01:00,2023,68.6774193548387
Tuesday,01:00,2024,100.0752688172043
Tuesday,02:00,2019,63.483870967741936
Tuesday,02:00,2020,45.193548387096776
Tuesday,02:00,2021,62.0
Tuesday,02:00,2022,55.370370370370374
Tuesday,02:00,2023,49.516129032258064
Tuesday,02:00,2024,71.53763440860214
Tuesday,03:00,2019,71.16129032258064
Tuesday,03:00,2020,49.03225806451613
Tuesday,03:00,2021,61.70967741935484
Tuesday,03:00,2022,62.51851851851852
Tuesday,03:00,2023,48.096774193548384
Tuesday,03:00,2024,69.66666666666667
Tuesday,04:00,2019,107.83870967741936
Tuesday,04:00,2020,74.70967741935483
Tuesday,04:00,2021,87.61290322580645
Tuesday,04:00,2022,85.5925925925926
Tuesday,04:00,2023,73.80645161290323
Tuesday,04:00,2024,108.45161290322581
Tuesday,05:00,2019,309.19354838709677
Tuesday,05:00,2020,236.09677419354838
Tuesday,05:00,2021,259.7741935483871
Tuesday,05:00,2022,241.2962962962963
Tuesday,05:00,2023,210.8709677419355
Tuesday,05:00,2024,261.18279569892474
Tuesday,06:00,2019,1045.9032258064517
Tuesday,06:00,2020,807.9032258064516
Tuesday,06:00,2021,909.3548387096774
Tuesday,06:00,2022,822.925925925926
Tuesday,06:00,2023,747.4193548387096
Tuesday,06:00,2024,848.258064516129
Tuesday,07:00,2019,1572.0
Tuesday,07:00,2020,1214.4516129032259
Tuesday,07:00,2021,1308.5806451612902
Tuesday,07:00,2022,1115.4814814814815
Tuesday,07:00,2023,1150.258064516129
Tuesday,07:00,2024,1196.978494623656
Tuesday,08:00,2019,1462.4516129032259
Tuesday,08:00,2020,1451.032258064516
Tuesday,08:00,2021,1543.8064516129032
Tuesday,08:00,2022,1438.9259259259259
Tuesday,08:00,2023,1216.0645161290322
Tuesday,08:00,2024,1268.2903225806451
Tuesday,09:00,2019,1290.5806451612902
Tuesday,09:00,2020,1115.5806451612902
Tuesday,09:00,2021,1195.0967741935483
Tuesday,09:00,2022,1156.5555555555557
Tuesday,09:00,2023,907.6774193548387
Tuesday,09:00,2024,1109.0430107526881
Tuesday,10:00,2019,1077.4516129032259
Tuesday,10:00,2020,935.3225806451613
Tuesday,10:00,2021,1006.1935483870968
Tuesday,10:00,2022,886.7037037037037
Tuesday,10:00,2023,840.5483870967741
Tuesday,10:00,2024,812.9784946236559
Tuesday,11:00,2019,1025.1612903225807
Tuesday,11:00,2020,932.2258064516129
Tuesday,11:00,2021,984.8387096774194
Tuesday,11:00,2022,878.925925925926
Tuesday,11:00,2023,796.1612903225806
Tuesday,11:00,2024,770.5483870967741
Tuesday,12:00,2019,1148.258064516129
Tuesday,12:00,2020,1006.4516129032259
Tuesday,12:00,2021,1077.3225806451612
Tuesday,12:00,2022,953.9629629629629
Tuesday,12:00,2023,887.2903225806451
Tuesday,12:00,2024,797.4516129032259
Tuesday,13:00,2019,1156.6129032258063
Tuesday,13:00,2020,1040.258064516129
Tuesday,13:00,2021,1117.4516129032259
Tuesday,13:00,2022,986.8148148148148
Tuesday,13:00,2023,936.6774193548387
Tuesday,13:00,2024,1026.4516129032259
Tuesday,14:00,2019,1265.1612903225807
Tuesday,14:00,2020,1152.032258064516
Tuesday,14:00,2021,1212.032258064516
Tuesday,14:00,2022,1092.4444444444443
Tuesday,14:00,2023,1052.8709677419354
Tuesday,14:00,2024,1161.4193548387098
Tuesday,15:00,2019,1492.967741935484
Tuesday,15:00,2020,1338.774193548387
Tuesday,15:00,2021,1438.3548387096773
Tuesday,15:00,2022,1308.3703703703704
Tuesday,15:00,2023,1260.3548387096773
Tuesday,15:00,2024,1203.3870967741937
Tuesday,16:00,2019,1553.4516129032259
Tuesday,16:00,2020,1368.6451612903227
Tuesday,16:00,2021,1516.6129032258063
Tuesday,16:00,2022,1270.148148148148
Tuesday,16:00,2023,1181.3870967741937
Tuesday,16:00,2024,1275.7096774193549
Tuesday,17:00,2019,1534.774193548387
Tuesday,17:00,2020,1428.8387096774193
Tuesday,17:00,2021,1523.4516129032259
Tuesday,17:00,2022,1343.962962962963
Tuesday,17:00,2023,1166.8064516129032
Tuesday,17:00,2024,1363.516129032258
Tuesday,18:00,2019,1317.1290322580646
Tuesday,18:00,2020,1048.8387096774193
Tuesday,18:00,2021,1136.8064516129032
Tuesday,18:00,2022,1080.7777777777778
Tuesday,18:00,2023,977.0322580645161
Tuesday,18:00,2024,1061.8387096774193
Tuesday,19:00,2019,950.6451612903226
Tuesday,19:00,2020,718.7096774193549
Tuesday,19:00,2021,804.0
Tuesday,19:00,2022,705.1481481481482
Tuesday,19:00,2023,633.4516129032259
Tuesday,19:00,2024,754.483870967742
Tuesday,20:00,2019,664.5483870967741
Tuesday,20:00,2020,590.1290322580645
Tuesday,20:00,2021,638.9677419354839
Tuesday,20:00,2022,554.7777777777778
Tuesday,20:00,2023,518.8709677419355
Tuesday,20:00,2024,662.4193548387096
Tuesday,21:00,2019,530.2258064516129
Tuesday,21:00,2020,485.5483870967742
Tuesday,21:00,2021,548.5806451612904
Tuesday,21:00,2022,487.2962962962963
Tuesday,21:00,2023,430.9032258064516
Tuesday,21:00,2024,594.0322580645161
Tuesday,22:00,2019,469.64516129032256
Tuesday,22:00,2020,429.4516129032258
Tuesday,22:00,2021,486.5806451612903
Tuesday,22:00,2022,431.3703703703704
Tuesday,22:00,2023,379.93548387096774
Tuesday,22:00,2024,543.5483870967741
Tuesday,23:00,2019,576.0967741935484
Tuesday,23:00,2020,254.19354838709677
Tuesday,23:00,2021,291.06451612903226
Tuesday,23:00,2022,266.48148148148147
Tuesday,23:00,2023,242.67741935483872
Tuesday,23:00,2024,326.3225806451613
Wednesday,00:00,2019,207.03225806451613
Wednesday,00:00,2020,141.93548387096774
Wednesday,00:00,2021,154.51612903225808
Wednesday,00:00,2022,137.85185185185185
Wednesday,00:00,2023,119.6774193548387
Wednesday,00:00,2024,170.90322580645162
Wednesday,01:00,2019,103.41935483870968
Wednesday,01:00,2020,73.87096774193549
Wednesday,01:00,2021,89.35483870967742
Wednesday,01:00,2022,82.44444444444444
Wednesday,01:00,2023,73.64516129032258
Wednesday,01:00,2024,115.3225806451613
Wednesday,02:00,2019,69.0
Wednesday,02:00,2020,47.32258064516129
Wednesday,02:00,2021,64.74193548387096
Wednesday,02:00,2022,62.0
Wednesday,02:00,2023,55.58064516129032
Wednesday,02:00,2024,92.0
Wednesday,03:00,2019,67.74193548387096
Wednesday,03:00,2020,44.16129032258065
Wednesday,03:00,2021,64.29032258064517
Wednesday,03:00,2022,62.629629629629626
Wednesday,03:00,2023,49.03225806451613
Wednesday,03:00,2024,86.87096774193549
Wednesday,04:00,2019,113.61290322580645
Wednesday,04:00,2020,68.16129032258064
Wednesday,04:00,2021,90.64516129032258
Wednesday,04:00,2022,83.81481481481481
Wednesday,04:00,2023,71.87096774193549
Wednesday,04:00,2024,109.58064516129032
Wednesday,05:00,2019,304.19354838709677
Wednesday,05:00,2020,238.25806451612902
Wednesday,05:00,2021,248.3548387096774
Wednesday,05:00,2022,227.22222222222223
Wednesday,05:00,2023,203.6451612903226
Wednesday,05:00,2024,257.0967741935484
Wednesday,06:00,2019,988.5806451612904
Wednesday,06:00,2020,792.258064516129
Wednesday,06:00,2021,872.2903225806451
Wednesday,06:00,2022,784.1111111111111
Wednesday,06:00,2023,729.9354838709677
Wednesday,06:00,2024,824.3548387096774
Wednesday,07:00,2019,1441.1612903225807
Wednesday,07:00,2020,1051.1612903225807
Wednesday,07:00,2021,1189.8709677419354
Wednesday,07:00,2022,1164.148148148148
Wednesday,07:00,2023,1075.967741935484
Wednesday,07:00,2024,1252.774193548387
Wednesday,08:00,2019,1437.8709677419354
Wednesday,08:00,2020,1307.9354838709678
Wednesday,08:00,2021,1390.1612903225807
Wednesday,08:00,2022,1398.2222222222222
Wednesday,08:00,2023,1159.5483870967741
Wednesday,08:00,2024,1244.8387096774193
Wednesday,09:00,2019,1206.5483870967741
Wednesday,09:00,2020,1038.8387096774193
Wednesday,09:00,2021,1126.741935483871
Wednesday,09:00,2022,1050.4074074074074
Wednesday,09:00,2023,955.8709677419355
Wednesday,09:00,2024,1090.032258064516
Wednesday,10:00,2019,1058.5483870967741
Wednesday,10:00,2020,926.7096774193549
Wednesday,10:00,2021,932.3225806451613
Wednesday,10:00,2022,907.4074074074074
Wednesday,10:00,2023,860.1290322580645
Wednesday,10:00,2024,992.9032258064516
Wednesday,11:00,2019,1072.483870967742
Wednesday,11:00,2020,933.8064516129032
Wednesday,11:00,2021,1029.8064516129032
Wednesday,11:00,2022,894.2592592592592
Wednesday,11:00,2023,830.6774193548387
Wednesday,11:00,2024,987.2903225806451
Wednesday,12:00,2019,1175.5806451612902
Wednesday,12:00,2020,1048.8064516129032
Wednesday,12:00,2021,1147.6451612903227
Wednesday,12:00,2022,994.074074074074
Wednesday,12:00,2023,974.3870967741935
Wednesday,12:00,2024,1087.7096774193549
Wednesday,13:00,2019,1176.8387096774193
Wednesday,13:00,2020,1084.7096774193549
Wednesday,13:00,2021,1167.9354838709678
Wednesday,13:00,2022,986.6666666666666
Wednesday,13:00,2023,980.2903225806451
Wednesday,13:00,2024,1090.8387096774193
Wednesday,14:00,2019,1283.0645161290322
Wednesday,14:00,2020,1158.741935483871
Wednesday,14:00,2021,1247.225806451613
Wednesday,14:00,2023,1055.6451612903227
Wednesday,14:00,2024,1203.6451612903227
Wednesday,15:00,2019,1469.5806451612902
Wednesday,15:00,2020,1241.1612903225807
Wednesday,15:00,2021,1482.8387096774193
Wednesday,15:00,2023,1224.5483870967741
Wednesday,15:00,2024,1388.516129032258
Wednesday,16:00,2019,1533.6774193548388
Wednesday,16:00,2020,1359.225806451613
Wednesday,16:00,2021,1491.258064516129
Wednesday,16:00,2022,1354.4074074074074
Wednesday,16:00,2023,1217.3548387096773
Wednesday,16:00,2024,1362.032258064516
Wednesday,17:00,2019,1468.8709677419354
Wednesday,17:00,2020,1368.516129032258
Wednesday,17:00,2021,1463.7096774193549
Wednesday,17:00,2022,1360.962962962963
Wednesday,17:00,2023,1229.6451612903227
Wednesday,17:00,2024,1242.0645161290322
Wednesday,18:00,2019,1183.7096774193549
Wednesday,18:00,2020,981.1290322580645
Wednesday,18:00,2021,1161.6774193548388
Wednesday,18:00,2022,1073.7777777777778
Wednesday,18:00,2023,904.6451612903226
Wednesday,18:00,2024,1009.3225806451613
Wednesday,19:00,2019,822.1290322580645
Wednesday,19:00,2020,702.4193548387096
Wednesday,19:00,2021,819.483870967742
Wednesday,19:00,2022,724.5185185185185
Wednesday,19:00,2023,668.4516129032259
Wednesday,19:00,2024,806.1935483870968
Wednesday,20:00,2019,656.3225806451613
Wednesday,20:00,2020,568.6451612903226
Wednesday,20:00,2021,675.0645161290323
Wednesday,20:00,2022,576.2222222222222
Wednesday,20:00,2023,545.1612903225806
Wednesday,20:00,2024,702.483870967742
Wednesday,21:00,2019,586.0
Wednesday,21:00,2020,489.48387096774195
Wednesday,21:00,2021,566.0645161290323
Wednesday,21:00,2022,497.7037037037037
Wednesday,21:00,2023,461.03225806451616
Wednesday,21:00,2024,647.7096774193549
Wednesday,22:00,2019,511.3225806451613
Wednesday,22:00,2020,428.6774193548387
Wednesday,22:00,2021,505.6774193548387
Wednesday,22:00,2022,445.81481481481484
Wednesday,22:00,2023,409.2903225806452
Wednesday,22:00,2024,752.0322580645161
Wednesday,23:00,2019,333.9032258064516
Wednesday,23:00,2020,278.03225806451616
Wednesday,23:00,2021,318.35483870967744
Wednesday,23:00,2022,289.25925925925924
Wednesday,23:00,2023,272.64516129032256
Wednesday,23:00,2024,411.2903225806452
